code,system
246..00,readv2
246..11,readv2
2461,readv2
2462,readv2
2467,readv2
2468,readv2
246J.00,readv2
246Z.00,readv2
246g.00,readv2
6623,readv2
R1y3.00,readv2
246..12,readv2
2463,readv2
662Q.00,readv2
2465,readv2
2466,readv2
R1y2.00,readv2
246C.00,readv2
246S.00,readv2
246T.00,readv2
246D.00,readv2
246N.00,readv2
246P.00,readv2
246E.00,readv2
246Q.00,readv2
246R.00,readv2
246F.00,readv2
662B.00,readv2
662C.00,readv2
662j.00,readv2
G20..11,readv2
ZV70B00,readv2
246G.00,readv2
R1y4.00,readv2
246K.00,readv2
246L.00,readv2
246X.00,readv2
246Y.00,readv2
246a.00,readv2
246b.00,readv2
246e.00,readv2
246f.00,readv2
315B.00,readv2
662L.00,readv2
662V.00,readv2
68B1.00,readv2
9OD..11,readv2
9OD..12,readv2
9OD1.00,readv2
9OD2.00,readv2
9OD3.00,readv2
9OD5.00,readv2
9OD6.00,readv2
9OD7.00,readv2